customer_id,recency_days,frequency,monetary_value,avg_call_duration_min,num_support_tickets,data_usage_gb,app_opens_weekly
CUST0000,52,5,316.32,2.28,2,2.33,14
CUST0001,93,4,258.18,1.39,1,5.15,17
CUST0002,15,3,506.66,4.23,0,0.83,11
CUST0003,72,4,338.62,5.47,1,1.4,0
CUST0004,61,1,143.94,10.6,1,1.24,6
CUST0005,21,10,482.05,6.1,2,0.34,18
CUST0006,83,5,236.69,8.5,3,1.78,0
CUST0007,87,7,202.53,4.91,1,2.72,6
CUST0008,75,3,514.37,6.12,1,4.97,1
CUST0009,75,0,334.58,4.71,1,3.8,6
CUST0010,88,4,370.08,10.37,2,1.43,18
CUST0011,24,9,373.31,3.63,1,2.54,12
CUST0012,3,9,279.4,3.9,1,3.23,4
CUST0013,22,9,242.76,6.59,0,1.36,18
CUST0014,53,3,259.07,5.41,0,0.25,0
CUST0015,2,5,460.89,4.15,1,1.15,0
CUST0016,88,9,320.38,6.92,2,3.7,17
CUST0017,30,5,431.29,4.92,3,1.82,0
CUST0018,38,7,292.36,4.9,0,2.58,4
CUST0019,2,8,224.46,5.46,0,0.41,8
CUST0020,64,4,155.78,1.53,0,6.67,11
CUST0021,60,6,364.8,1.81,0,1.04,8
CUST0022,21,4,469.41,7.17,3,2.12,17
CUST0023,33,4,211.4,3.65,2,0.04,10
CUST0024,76,4,351.34,4.73,1,0.27,0
CUST0025,58,5,162.44,8.22,2,3.05,18
CUST0026,22,6,244.43,4.82,2,6.88,9
CUST0027,89,4,326.79,4.58,1,0.77,1
CUST0028,49,2,127.17,6.79,1,0.08,6
CUST0029,91,4,298.2,3.8,2,0.9,19
CUST0030,59,7,216.33,7.41,0,0.04,1
CUST0031,42,6,360.48,6.75,2,0.43,18
CUST0032,92,7,283.46,8.66,0,2.79,5
CUST0033,60,4,393.94,3.62,2,5.53,9
CUST0034,80,10,272.04,7.73,2,0.18,8
CUST0035,15,6,163.76,6.11,1,1.63,7
CUST0036,62,9,151.3,2.35,2,0.59,10
CUST0037,62,4,109.1,-0.19,1,0.3,8
CUST0038,47,8,363.3,3.4,2,0.49,19
CUST0039,62,8,555.77,5.58,1,1.72,19
CUST0040,51,7,343.52,5.87,0,0.13,8
CUST0041,55,4,467.2,4.88,0,1.14,7
CUST0042,64,7,413.36,4.9,0,0.29,14
CUST0043,3,4,248.17,4.75,1,0.64,1
CUST0044,51,5,426.53,7.06,0,0.42,0
CUST0045,7,7,252.14,2.13,1,4.29,8
CUST0046,21,2,254.13,5.54,1,2.46,8
CUST0047,73,9,279.14,3.35,0,4.06,12
CUST0048,39,6,283.88,3.19,1,0.97,7
CUST0049,18,6,366.14,7.35,2,0.75,4
CUST0050,4,2,232.91,3.03,0,0.96,2
CUST0051,89,0,388.91,4.72,1,0.04,3
CUST0052,60,1,387.47,8.92,0,2.58,16
CUST0053,14,7,334.3,6.68,2,0.86,15
CUST0054,9,10,493.96,4.09,2,0.75,15
CUST0055,90,5,428.74,4.26,2,1.82,19
CUST0056,53,3,406.97,2.55,1,1.15,2
CUST0057,2,4,306.62,7.6,0,7.91,5
CUST0058,84,8,335.18,7.02,2,0.88,0
CUST0059,92,8,352.38,6.37,0,1.9,15
CUST0060,60,4,301.32,6.59,4,0.75,14
CUST0061,71,3,262.44,3.45,0,9.33,6
CUST0062,44,1,59.43,1.9,2,1.18,1
CUST0063,8,1,371.78,6.12,0,2.01,9
CUST0064,47,4,404.14,6.78,3,0.27,14
CUST0065,35,3,183.89,8.21,5,2.64,5
CUST0066,78,7,360.52,4.6,3,0.63,1
CUST0067,81,2,240.85,4.31,3,1.19,16
CUST0068,36,10,263.35,4.52,1,4.29,0
CUST0069,50,5,431.08,6.34,2,7.05,0
CUST0070,4,5,200.94,4.44,1,1.11,3
CUST0071,2,5,200.79,4.9,0,3.6,19
CUST0072,6,6,480.48,6.66,1,0.11,15
CUST0073,54,6,285.44,3.75,1,3.76,7
CUST0074,4,5,424.65,7.78,0,1.99,0
CUST0075,54,1,140.13,6.27,3,1.34,18
CUST0076,93,4,148.14,1.28,0,4.41,10
CUST0077,63,8,208.71,3.97,1,3.73,16
CUST0078,18,6,251.85,0.95,3,0.7,9
CUST0079,90,4,159.67,4.61,2,3.14,11
CUST0080,44,5,336.93,4.0,0,0.21,8
CUST0081,34,3,343.46,6.67,3,3.46,6
CUST0082,74,4,210.19,3.24,0,2.25,11
CUST0083,62,4,218.14,5.78,2,0.18,14
CUST0084,14,3,231.32,6.14,2,2.3,7
CUST0085,95,6,183.51,5.51,2,1.74,16
CUST0086,48,6,20.0,7.28,1,1.81,4
CUST0087,15,7,291.5,9.14,0,0.69,13
CUST0088,72,4,256.96,5.22,2,0.62,1
CUST0089,78,0,267.19,5.81,2,2.88,15
CUST0090,87,4,198.82,3.24,1,0.59,16
CUST0091,62,6,381.05,2.96,2,1.18,2
CUST0092,40,8,542.54,7.07,1,2.37,0
CUST0093,85,6,216.59,6.8,1,0.17,17
CUST0094,80,4,439.97,2.94,1,1.81,17
CUST0095,82,2,336.66,2.38,2,1.78,3
CUST0096,53,3,303.54,3.7,0,2.31,14
CUST0097,24,4,265.59,4.72,1,0.92,18
CUST0098,26,5,291.68,4.18,0,1.19,18
CUST0099,89,6,414.96,5.32,2,0.8,9
CUST0100,60,10,186.19,6.83,0,3.3,4
CUST0101,41,2,272.5,5.92,2,0.28,18
CUST0102,29,5,424.9,6.07,1,6.59,10
CUST0103,15,5,398.37,0.1,2,2.01,6
CUST0104,45,4,187.74,1.77,2,4.36,4
CUST0105,65,7,281.74,3.41,2,1.11,19
CUST0106,89,11,372.8,3.74,0,0.81,11
CUST0107,71,6,366.34,6.68,0,4.62,18
CUST0108,9,5,397.51,3.24,3,0.21,14
CUST0109,88,1,338.43,6.33,3,0.25,11
CUST0110,1,4,355.2,3.43,0,0.71,3
CUST0111,8,4,334.28,2.6,2,6.43,11
CUST0112,88,8,457.97,2.69,1,2.01,17
CUST0113,63,3,257.82,9.52,2,1.62,16
CUST0114,11,8,304.82,3.39,1,2.44,18
CUST0115,81,7,198.5,6.38,0,1.08,15
CUST0116,8,3,178.8,1.88,1,2.84,10
CUST0117,35,5,332.5,7.84,1,1.0,1
CUST0118,35,3,227.58,5.7,0,3.5,15
CUST0119,33,6,294.23,5.55,0,0.62,0
CUST0120,5,4,461.77,5.83,0,0.65,16
CUST0121,41,6,455.99,6.05,1,1.48,17
CUST0122,28,7,522.4,6.62,1,1.13,12
CUST0123,7,3,463.77,3.8,0,2.09,4
CUST0124,73,3,540.3,3.68,1,0.91,5
CUST0125,72,5,343.65,5.1,2,0.52,0
CUST0126,12,1,209.7,6.37,1,1.27,9
CUST0127,34,6,199.96,4.87,0,1.65,4
CUST0128,33,4,439.63,6.55,1,0.31,0
CUST0129,48,3,305.16,6.24,1,1.63,10
CUST0130,23,5,312.61,4.57,3,0.77,6
CUST0131,62,7,245.09,1.51,0,1.0,17
CUST0132,88,7,257.08,3.99,2,0.66,19
CUST0133,37,5,338.38,8.49,1,5.36,9
CUST0134,99,9,194.48,5.68,2,2.3,14
CUST0135,44,7,325.71,3.72,0,0.61,3
CUST0136,86,2,451.11,5.5,1,2.07,15
CUST0137,91,10,86.64,6.35,1,3.78,14
CUST0138,35,4,145.87,3.72,1,1.03,14
CUST0139,65,7,367.56,7.47,2,3.54,11
CUST0140,99,5,436.4,5.99,0,0.34,7
CUST0141,47,7,251.01,2.8,2,3.46,7
CUST0142,78,8,100.18,6.71,1,1.55,17
CUST0143,3,5,443.19,4.18,0,0.5,5
CUST0144,1,4,218.89,4.64,2,1.05,4
CUST0145,5,6,263.88,2.97,1,8.84,1
CUST0146,90,10,331.9,6.26,1,3.06,11
CUST0147,14,4,233.36,4.7,1,1.71,3
CUST0148,27,4,212.39,6.35,0,0.24,12
CUST0149,9,3,214.22,3.9,2,1.08,16
CUST0150,79,5,485.79,3.67,1,0.61,15
CUST0151,15,2,415.96,3.51,1,0.15,8
CUST0152,90,8,357.45,5.79,0,1.56,0
CUST0153,42,6,81.36,3.64,1,4.4,14
CUST0154,77,6,357.82,4.59,1,2.25,11
CUST0155,51,4,352.42,3.96,0,0.57,4
CUST0156,63,6,172.19,5.88,1,1.7,17
CUST0157,96,3,325.87,1.53,1,5.74,19
CUST0158,52,4,405.15,5.49,0,2.57,1
CUST0159,96,4,356.94,8.46,1,2.34,3
CUST0160,4,5,231.98,7.47,0,6.89,14
CUST0161,94,2,301.33,3.77,0,3.21,5
CUST0162,23,3,373.04,5.99,1,0.29,11
CUST0163,15,7,305.95,5.6,1,0.85,17
CUST0164,43,8,425.43,7.94,1,6.71,19
CUST0165,29,5,339.57,-0.02,2,1.35,3
CUST0166,36,1,375.29,7.23,0,0.24,0
CUST0167,13,7,382.14,4.46,0,1.23,14
CUST0168,32,7,193.33,3.51,1,2.39,17
CUST0169,71,3,305.0,3.46,0,12.02,13
CUST0170,59,7,266.76,2.4,4,0.78,2
CUST0171,86,2,404.38,3.77,0,1.44,14
CUST0172,28,4,346.32,2.84,0,4.24,4
CUST0173,66,5,281.18,5.36,1,0.88,2
CUST0174,42,6,171.81,6.18,1,0.23,6
CUST0175,45,3,140.31,4.49,1,5.95,5
CUST0176,62,8,331.03,8.0,0,1.34,0
CUST0177,57,4,228.28,3.9,0,1.4,18
CUST0178,6,7,366.61,4.38,1,1.94,6
CUST0179,28,2,135.69,4.05,0,0.01,3
CUST0180,28,5,459.3,6.2,0,5.35,11
CUST0181,44,7,366.39,6.4,3,0.9,19
CUST0182,84,5,309.92,5.99,1,1.01,17
CUST0183,30,3,468.31,4.75,1,0.38,8
CUST0184,62,7,394.84,2.32,1,0.95,18
CUST0185,75,4,252.5,4.36,1,3.26,3
CUST0186,92,4,307.76,7.96,0,3.22,0
CUST0187,89,3,103.57,7.03,0,5.49,8
CUST0188,62,8,406.42,5.59,0,1.03,14
CUST0189,97,5,270.4,4.23,2,2.47,7
CUST0190,1,3,102.28,4.97,0,1.42,14
CUST0191,27,5,181.82,4.24,0,3.26,14
CUST0192,62,3,387.09,7.39,0,2.49,17
CUST0193,77,4,461.38,3.32,0,0.92,6
CUST0194,3,2,302.04,6.85,1,0.82,17
CUST0195,70,4,201.79,3.94,0,0.58,15
CUST0196,72,3,157.93,7.64,1,1.72,1
CUST0197,27,7,441.46,5.85,2,6.64,3
CUST0198,9,4,344.95,3.5,1,0.45,19
CUST0199,62,5,266.99,4.38,1,0.2,15
CUST0200,37,4,243.17,6.42,0,0.25,2
CUST0201,97,5,367.18,4.0,1,3.06,1
CUST0202,51,4,364.43,5.04,3,0.86,2
CUST0203,44,6,210.34,3.97,1,0.51,4
CUST0204,24,9,185.76,8.52,2,0.87,1
CUST0205,79,3,190.81,8.86,2,2.07,18
CUST0206,59,8,253.18,7.93,1,1.58,19
CUST0207,32,5,231.02,4.75,0,2.72,1
CUST0208,96,1,461.81,4.19,0,0.83,1
CUST0209,88,3,249.62,3.44,1,1.2,19
CUST0210,52,5,175.03,8.07,1,0.22,17
CUST0211,62,4,180.65,6.86,0,0.15,19
CUST0212,58,6,281.6,6.96,0,1.24,13
CUST0213,52,5,117.79,4.5,2,0.72,14
CUST0214,12,5,293.99,1.48,0,1.9,11
CUST0215,39,4,166.38,1.94,0,0.09,10
CUST0216,2,9,415.86,5.12,1,0.26,10
CUST0217,3,6,311.66,3.95,1,4.01,6
CUST0218,56,7,512.1,3.72,2,1.67,11
CUST0219,81,3,277.18,5.69,0,2.49,15
CUST0220,59,2,20.0,7.03,2,3.69,4
CUST0221,2,3,445.77,3.6,1,1.25,1
CUST0222,2,2,350.19,2.39,0,2.86,15
CUST0223,92,7,365.69,3.65,0,1.49,14
CUST0224,54,2,199.74,2.91,3,0.5,10
CUST0225,87,5,295.72,6.19,1,0.82,5
CUST0226,96,5,318.65,4.99,1,1.35,12
CUST0227,97,7,276.22,8.76,0,0.76,18
CUST0228,1,5,126.56,6.47,0,0.82,9
CUST0229,19,6,576.87,8.63,2,0.82,18
CUST0230,2,7,383.58,2.19,3,0.26,4
CUST0231,53,3,342.06,-1.51,0,0.18,6
CUST0232,44,6,431.39,5.49,0,0.1,10
CUST0233,90,8,364.42,5.25,2,0.24,13
CUST0234,32,3,232.28,4.75,2,0.84,15
CUST0235,70,6,424.98,5.19,2,1.8,17
CUST0236,32,5,385.22,2.75,0,0.42,3
CUST0237,68,3,236.07,6.13,4,4.38,0
CUST0238,55,4,379.0,6.47,1,3.3,14
CUST0239,75,6,275.94,2.6,4,1.47,13
CUST0240,56,6,320.85,4.29,0,2.58,18
CUST0241,17,7,359.97,4.42,1,0.91,4
CUST0242,38,6,436.85,3.66,1,0.07,3
CUST0243,24,5,235.4,2.68,3,4.69,12
CUST0244,69,2,336.5,5.03,1,0.27,17
CUST0245,98,5,501.57,5.52,3,5.91,11
CUST0246,70,9,282.4,3.78,3,1.7,14
CUST0247,86,3,319.66,2.82,0,0.73,8
CUST0248,11,9,501.42,5.82,2,1.37,3
CUST0249,16,2,363.75,3.47,1,1.39,4
CUST0250,97,1,152.6,4.38,0,0.05,8
CUST0251,73,4,220.45,4.13,1,0.88,12
CUST0252,59,3,368.96,7.49,1,2.69,9
CUST0253,70,4,342.3,3.56,2,1.43,15
CUST0254,80,5,316.26,8.45,1,0.56,12
CUST0255,93,1,516.12,6.5,0,0.82,3
CUST0256,3,3,238.25,8.64,2,3.98,12
CUST0257,20,5,292.56,6.33,1,1.49,7
CUST0258,59,3,103.69,4.56,0,1.5,12
CUST0259,36,12,416.07,3.17,1,6.51,14
CUST0260,19,2,220.11,4.29,2,0.77,19
CUST0261,90,3,405.71,7.97,0,1.31,19
CUST0262,67,4,395.2,4.9,0,3.34,12
CUST0263,19,9,534.91,6.32,0,2.85,4
CUST0264,20,5,364.93,5.41,0,0.62,5
CUST0265,96,3,264.39,5.5,1,0.33,4
CUST0266,71,3,345.36,5.58,1,2.41,12
CUST0267,52,4,224.07,5.99,2,0.6,4
CUST0268,33,4,331.92,3.37,1,5.12,12
CUST0269,40,7,279.91,4.45,0,0.28,19
CUST0270,39,6,292.97,5.62,3,0.77,7
CUST0271,82,3,210.16,5.33,4,0.11,8
CUST0272,1,6,330.04,4.08,0,2.43,18
CUST0273,11,6,382.42,5.83,1,4.44,19
CUST0274,92,4,134.79,3.46,0,2.02,14
CUST0275,57,7,231.14,2.55,1,5.55,9
CUST0276,89,4,316.8,5.59,1,0.28,10
CUST0277,50,7,65.27,2.6,2,0.18,4
CUST0278,23,3,474.03,5.56,2,3.65,8
CUST0279,31,4,228.89,1.09,0,3.87,10
CUST0280,94,7,206.19,3.55,1,3.56,18
CUST0281,42,8,279.27,4.34,1,3.21,1
CUST0282,99,2,313.74,1.79,1,0.9,5
CUST0283,7,9,224.35,4.25,1,0.49,0
CUST0284,16,6,398.04,7.37,2,5.28,2
CUST0285,90,4,339.97,2.46,2,0.73,2
CUST0286,60,7,216.28,4.31,2,1.02,13
CUST0287,2,2,247.76,8.41,2,2.41,19
CUST0288,1,2,148.32,2.88,1,0.69,4
CUST0289,48,3,174.67,7.79,4,3.42,16
CUST0290,12,5,338.76,4.44,3,0.15,14
CUST0291,69,7,217.31,5.2,0,3.13,5
CUST0292,37,4,480.43,7.58,0,1.84,13
CUST0293,32,4,307.09,4.03,2,1.7,13
CUST0294,9,5,164.72,6.26,3,1.23,16
CUST0295,99,5,185.67,6.77,1,0.65,7
CUST0296,19,4,405.3,3.7,1,1.25,7
CUST0297,48,5,292.35,3.48,2,1.2,18
CUST0298,80,6,399.2,4.54,0,1.75,8
CUST0299,3,5,263.35,4.61,2,0.66,10
CUST0300,20,7,243.98,2.84,0,0.16,12
CUST0301,24,8,411.94,3.72,0,0.31,12
CUST0302,54,4,214.14,-1.93,1,2.4,18
CUST0303,33,5,348.91,4.33,1,0.05,18
CUST0304,24,6,278.82,6.79,1,3.88,4
CUST0305,75,9,387.87,1.67,0,2.37,15
CUST0306,72,6,481.85,4.07,2,2.92,8
CUST0307,36,0,260.78,9.88,0,3.62,19
CUST0308,38,4,245.29,4.95,0,0.26,2
CUST0309,84,2,366.58,7.71,2,3.46,18
CUST0310,99,6,191.8,2.98,3,1.4,4
CUST0311,89,9,461.65,5.9,1,4.33,7
CUST0312,99,0,444.6,2.64,0,4.35,13
CUST0313,25,3,200.09,5.8,3,0.05,2
CUST0314,93,0,141.69,6.68,1,0.97,12
CUST0315,18,8,183.94,6.21,0,1.49,10
CUST0316,82,2,185.46,4.31,1,2.27,7
CUST0317,66,4,380.18,5.55,0,0.67,18
CUST0318,54,4,454.92,5.57,1,0.58,9
CUST0319,35,5,379.01,6.33,0,0.96,17
CUST0320,80,4,276.38,4.75,0,1.39,17
CUST0321,61,3,334.25,6.86,2,6.04,6
CUST0322,41,2,213.02,7.87,1,2.87,15
CUST0323,33,8,409.72,4.36,3,1.12,5
CUST0324,68,4,343.2,5.09,4,0.11,15
CUST0325,33,5,377.32,3.19,1,0.37,15
CUST0326,14,5,227.25,5.68,0,1.22,0
CUST0327,21,7,283.14,5.69,3,3.36,18
CUST0328,48,5,372.51,5.12,0,0.96,2
CUST0329,20,8,444.35,5.27,1,1.55,5
CUST0330,8,5,239.19,8.84,0,4.45,3
CUST0331,7,4,378.05,-0.77,3,4.9,3
CUST0332,67,6,228.79,4.01,3,0.49,3
CUST0333,17,5,511.72,4.31,1,0.09,9
CUST0334,33,1,258.52,7.91,0,0.73,8
CUST0335,48,7,364.35,5.95,3,2.38,7
CUST0336,76,4,316.56,6.0,3,6.04,18
CUST0337,59,4,560.53,7.52,0,0.16,16
CUST0338,86,4,322.99,4.64,1,0.06,16
CUST0339,22,6,248.49,6.3,3,4.31,0
CUST0340,30,6,363.95,3.94,1,2.76,19
CUST0341,38,4,361.72,2.89,0,9.72,13
CUST0342,51,5,284.25,8.59,0,1.01,19
CUST0343,54,4,190.52,5.74,1,1.08,10
CUST0344,8,4,247.2,6.29,2,0.38,2
CUST0345,27,8,388.15,2.84,0,0.25,7
CUST0346,27,4,125.26,6.02,1,1.73,9
CUST0347,98,7,275.2,8.56,3,0.91,16
CUST0348,21,7,399.49,4.45,2,0.17,7
CUST0349,30,9,290.65,2.49,1,4.36,0
CUST0350,97,6,517.37,5.37,0,0.44,19
CUST0351,28,5,125.53,2.93,0,2.76,6
CUST0352,64,10,203.86,1.88,1,0.66,8
CUST0353,97,8,68.54,3.53,0,3.35,11
CUST0354,69,5,499.37,4.01,5,0.25,8
CUST0355,61,6,205.5,3.03,0,2.82,19
CUST0356,48,1,101.31,7.65,2,0.21,2
CUST0357,19,10,238.81,8.78,1,1.18,3
CUST0358,4,10,160.72,6.24,3,2.65,9
CUST0359,35,3,239.52,5.77,2,0.38,3
CUST0360,64,6,304.12,4.72,0,0.67,8
CUST0361,49,8,380.49,3.21,0,4.0,0
CUST0362,17,1,282.53,8.21,2,4.33,4
CUST0363,44,7,302.53,4.87,0,0.09,8
CUST0364,92,6,241.84,4.07,3,0.37,4
CUST0365,30,5,148.83,7.03,1,0.25,5
CUST0366,93,5,115.35,4.85,2,0.4,18
CUST0367,46,8,263.55,6.95,2,7.03,7
CUST0368,6,2,308.46,4.18,1,1.6,9
CUST0369,99,5,256.14,7.04,4,1.26,10
CUST0370,37,5,119.07,6.96,2,8.33,12
CUST0371,24,3,320.14,7.65,2,1.63,19
CUST0372,93,5,462.93,3.58,0,2.16,3
CUST0373,46,4,288.54,4.83,1,0.81,10
CUST0374,53,3,242.05,8.9,0,0.96,11
CUST0375,95,8,293.95,4.51,1,1.8,4
CUST0376,99,4,189.56,6.62,2,0.14,9
CUST0377,60,4,183.11,9.58,2,0.59,6
CUST0378,97,2,345.14,1.3,2,0.44,8
CUST0379,63,5,399.03,4.44,5,0.03,8
CUST0380,85,6,285.29,5.0,1,1.54,9
CUST0381,32,4,102.62,1.4,1,1.65,9
CUST0382,87,4,335.33,4.09,1,0.97,1
CUST0383,33,1,506.74,3.06,1,0.63,3
CUST0384,67,3,275.61,6.72,4,2.11,7
CUST0385,18,5,282.22,1.53,1,0.29,13
CUST0386,25,4,212.74,8.78,1,1.46,16
CUST0387,95,5,348.14,6.38,0,2.92,12
CUST0388,54,7,232.9,2.89,2,0.36,17
CUST0389,58,8,402.15,7.05,2,2.8,17
CUST0390,67,4,234.24,6.19,2,2.86,12
CUST0391,46,6,334.18,4.92,0,0.12,7
CUST0392,24,2,295.37,3.56,2,0.04,11
CUST0393,32,7,455.51,6.1,2,7.29,0
CUST0394,47,3,340.95,5.25,2,0.43,19
CUST0395,86,9,438.7,3.62,2,3.45,17
CUST0396,23,3,310.86,2.31,3,1.65,2
CUST0397,66,5,282.93,3.3,2,0.61,11
CUST0398,27,3,296.18,3.99,3,0.28,18
CUST0399,2,7,222.86,7.32,0,1.37,12
CUST0400,90,3,353.17,6.72,1,1.05,9
CUST0401,17,6,230.96,4.1,1,2.4,14
CUST0402,33,6,311.25,4.18,4,4.69,19
CUST0403,9,3,385.52,6.98,0,3.27,1
CUST0404,43,2,458.35,5.53,0,0.64,18
CUST0405,48,4,316.29,5.51,1,4.22,2
CUST0406,39,8,386.12,3.59,1,3.58,13
CUST0407,93,5,374.19,4.75,0,5.29,6
CUST0408,42,10,261.76,5.01,3,1.23,7
CUST0409,26,4,510.78,4.82,1,2.93,10
CUST0410,99,1,242.38,6.47,1,1.79,19
CUST0411,50,4,309.1,6.53,3,0.74,5
CUST0412,25,7,445.41,3.16,0,10.38,10
CUST0413,24,7,442.95,4.0,1,0.08,16
CUST0414,13,6,301.43,3.63,0,0.35,9
CUST0415,60,7,399.04,7.78,1,4.46,16
CUST0416,7,7,277.6,9.51,4,0.12,1
CUST0417,57,2,251.13,4.07,1,4.36,5
CUST0418,36,2,178.72,4.67,1,2.51,4
CUST0419,45,9,372.39,6.68,3,0.07,3
CUST0420,20,1,382.92,3.59,0,1.12,1
CUST0421,65,5,243.21,6.73,2,2.81,11
CUST0422,8,7,326.81,4.96,0,1.75,2
CUST0423,16,3,565.1,1.51,5,5.49,5
CUST0424,14,8,414.67,2.4,0,4.04,13
CUST0425,76,6,209.85,4.32,1,0.81,7
CUST0426,87,7,400.16,7.45,2,0.18,13
CUST0427,15,5,210.31,3.21,0,5.77,2
CUST0428,92,3,20.0,3.93,1,1.46,15
CUST0429,98,9,297.96,5.42,1,0.15,14
CUST0430,66,5,456.32,1.66,2,3.39,6
CUST0431,32,8,439.74,5.6,1,4.06,14
CUST0432,87,12,337.72,1.91,0,2.04,12
CUST0433,63,5,245.83,6.13,1,1.19,5
CUST0434,86,6,348.64,3.38,1,2.17,14
CUST0435,51,2,273.08,3.12,3,2.45,16
CUST0436,25,2,248.63,5.55,1,4.47,3
CUST0437,58,8,406.2,6.59,2,6.24,13
CUST0438,63,3,247.4,5.75,1,1.44,14
CUST0439,62,5,412.72,5.42,1,3.2,11
CUST0440,22,3,240.78,5.44,2,6.68,18
CUST0441,58,5,505.85,5.76,1,0.33,9
CUST0442,58,3,135.94,5.9,0,0.04,5
CUST0443,86,4,204.32,4.21,0,4.06,8
CUST0444,49,5,284.46,6.31,1,0.43,1
CUST0445,52,6,101.6,3.4,4,0.09,3
CUST0446,42,6,42.9,7.18,3,0.35,8
CUST0447,70,8,102.46,6.56,1,0.97,14
CUST0448,15,7,270.79,9.36,1,0.5,12
CUST0449,54,6,273.33,6.03,1,0.73,19
CUST0450,60,8,333.3,6.82,0,7.4,7
CUST0451,97,9,280.3,1.88,0,2.44,18
CUST0452,8,6,329.95,6.88,1,2.49,18
CUST0453,53,7,254.98,7.35,2,0.2,15
CUST0454,60,8,371.48,8.01,1,2.63,10
CUST0455,5,2,359.43,5.24,1,2.69,9
CUST0456,68,3,267.33,4.32,2,2.16,7
CUST0457,6,2,353.3,2.82,0,0.52,0
CUST0458,96,4,280.94,3.0,4,1.1,9
CUST0459,94,7,147.77,4.95,0,3.75,17
CUST0460,47,7,390.45,1.5,1,2.22,2
CUST0461,99,9,209.32,3.46,1,2.64,10
CUST0462,55,6,389.38,5.18,0,1.77,17
CUST0463,40,2,332.4,5.13,1,1.19,2
CUST0464,52,4,291.55,3.06,0,2.85,7
CUST0465,16,9,112.3,2.53,3,0.14,13
CUST0466,13,3,453.97,2.83,1,2.24,5
CUST0467,30,3,263.69,4.56,1,11.76,14
CUST0468,19,9,363.46,9.26,2,3.03,13
CUST0469,17,3,288.6,7.12,0,0.69,6
CUST0470,63,7,272.86,5.43,0,0.65,9
CUST0471,19,7,319.28,6.11,1,2.2,14
CUST0472,92,3,302.66,7.03,3,4.52,9
CUST0473,58,4,273.3,6.35,1,1.73,16
CUST0474,55,1,294.47,4.38,1,1.5,18
CUST0475,90,3,342.71,3.31,0,0.35,16
CUST0476,90,5,349.78,4.75,1,2.51,11
CUST0477,62,5,304.34,7.01,0,2.42,14
CUST0478,23,6,362.09,4.46,0,6.82,11
CUST0479,9,1,257.59,2.79,0,0.71,8
CUST0480,12,6,522.49,1.55,1,2.82,4
CUST0481,1,6,448.56,4.76,0,1.14,3
CUST0482,58,1,376.24,2.95,2,1.64,11
CUST0483,1,3,105.84,4.13,3,3.39,15
CUST0484,34,6,360.6,7.91,0,0.5,8
CUST0485,96,8,266.34,4.89,2,0.84,2
CUST0486,48,8,202.13,3.5,3,2.97,2
CUST0487,89,8,263.79,5.62,2,1.69,17
CUST0488,1,8,213.22,8.84,2,0.19,16
CUST0489,16,2,350.68,4.76,4,1.12,9
CUST0490,61,6,461.6,0.29,0,1.77,1
CUST0491,64,4,382.6,6.3,1,4.81,10
CUST0492,63,8,576.25,5.69,0,0.42,2
CUST0493,69,11,144.64,5.18,0,3.28,1
CUST0494,22,2,249.4,4.56,3,0.28,8
CUST0495,93,5,205.7,3.39,2,0.55,18
CUST0496,67,10,422.94,8.03,1,0.56,1
CUST0497,76,4,277.94,1.32,2,4.2,18
CUST0498,26,8,318.95,4.38,1,0.44,1
CUST0499,16,4,363.37,4.34,1,3.09,14
CUST0500,51,3,154.52,6.71,0,1.24,2
CUST0501,86,6,237.87,7.47,1,14.01,4
CUST0502,57,7,399.73,4.55,1,3.65,10
CUST0503,29,4,245.19,5.39,2,2.69,6
CUST0504,78,7,128.64,5.56,1,4.09,5
CUST0505,92,4,209.77,7.11,2,2.01,13
CUST0506,69,3,271.37,7.07,4,3.71,0
CUST0507,47,4,316.68,3.92,1,0.61,16
CUST0508,94,6,292.92,5.88,0,0.21,16
CUST0509,62,6,238.58,5.77,0,1.91,13
CUST0510,69,8,393.93,4.77,1,1.14,9
CUST0511,76,7,287.09,5.75,2,1.11,7
CUST0512,16,2,320.94,5.04,2,1.5,7
CUST0513,90,6,243.9,5.32,1,0.9,13
CUST0514,90,4,450.89,2.29,3,1.97,6
CUST0515,48,2,260.84,3.16,0,0.06,5
CUST0516,85,9,307.47,6.64,1,7.01,3
CUST0517,39,5,403.5,2.58,2,5.17,0
CUST0518,33,3,328.0,5.94,3,5.48,14
CUST0519,94,2,325.51,4.84,2,0.91,14
CUST0520,23,6,102.63,7.06,2,1.52,0
CUST0521,10,3,368.06,6.3,3,6.16,19
CUST0522,69,6,305.56,4.09,3,4.65,2
CUST0523,34,5,354.16,4.55,0,3.12,4
CUST0524,52,2,318.32,1.03,2,1.05,4
CUST0525,95,7,244.08,4.74,1,1.66,3
CUST0526,10,6,389.43,2.46,1,3.15,16
CUST0527,19,5,319.81,4.56,0,0.64,19
CUST0528,58,8,171.06,3.72,0,1.97,13
CUST0529,96,3,430.85,3.25,1,3.52,7
CUST0530,1,5,156.95,7.38,0,2.46,1
CUST0531,69,5,390.09,2.45,1,1.31,7
CUST0532,4,4,448.69,3.07,2,1.76,0
CUST0533,16,3,189.37,3.6,1,8.96,3
CUST0534,24,3,287.72,4.04,2,1.84,18
CUST0535,80,5,278.41,3.25,0,3.08,4
CUST0536,2,5,282.9,4.28,3,2.59,4
CUST0537,92,6,483.02,5.6,1,2.42,19
CUST0538,32,6,190.53,6.34,1,2.52,18
CUST0539,91,6,269.34,6.24,1,1.21,11
CUST0540,84,6,450.33,1.18,1,1.29,19
CUST0541,24,7,267.71,5.76,0,1.26,0
CUST0542,12,2,206.42,5.88,3,0.07,6
CUST0543,50,5,326.3,3.68,1,0.55,16
CUST0544,35,3,380.56,8.34,5,0.34,1
CUST0545,33,1,260.72,7.18,0,4.35,10
CUST0546,33,8,355.44,4.63,1,0.64,6
CUST0547,61,0,162.34,3.81,0,0.3,16
CUST0548,51,4,167.9,8.3,0,0.26,2
CUST0549,43,3,255.99,4.96,2,2.41,5
CUST0550,12,3,359.0,5.17,3,0.01,10
CUST0551,67,2,376.15,5.14,2,1.27,17
CUST0552,65,3,181.8,9.61,1,0.25,17
CUST0553,33,8,372.44,4.57,1,3.79,9
CUST0554,40,6,316.65,4.95,1,6.36,4
CUST0555,74,4,212.08,3.34,1,6.38,14
CUST0556,43,6,166.58,4.22,2,1.17,19
CUST0557,44,5,322.98,2.94,0,2.07,3
CUST0558,29,1,428.96,3.38,2,1.83,0
CUST0559,13,3,303.55,1.38,0,0.86,14
CUST0560,12,3,206.51,6.76,1,1.17,16
CUST0561,95,3,113.2,5.31,2,0.13,18
CUST0562,46,9,452.95,5.48,1,3.18,13
CUST0563,2,2,404.19,4.9,1,0.55,18
CUST0564,35,3,330.21,5.14,1,1.23,17
CUST0565,87,5,447.8,8.24,0,1.31,1
CUST0566,81,4,322.39,3.46,2,1.65,5
CUST0567,90,3,246.9,5.56,2,3.41,12
CUST0568,8,3,355.51,5.55,1,2.35,16
CUST0569,93,0,217.03,7.28,1,2.18,5
CUST0570,26,2,200.44,5.88,2,1.5,4
CUST0571,74,7,377.16,5.98,1,0.2,6
CUST0572,90,4,385.58,2.48,2,1.03,0
CUST0573,34,3,172.63,3.38,0,6.31,12
CUST0574,7,11,176.32,2.67,3,10.83,18
CUST0575,68,2,255.5,0.05,0,2.62,0
CUST0576,58,6,228.87,5.79,0,0.52,12
CUST0577,75,11,347.65,4.48,1,0.21,10
CUST0578,29,3,304.8,5.8,0,1.07,6
CUST0579,36,5,416.49,5.07,2,3.88,19
CUST0580,89,6,331.73,5.48,2,2.56,2
CUST0581,21,4,235.54,7.68,0,4.31,0
CUST0582,36,3,110.89,5.01,1,1.91,7
CUST0583,10,10,317.95,6.34,2,0.28,16
CUST0584,73,2,128.97,4.4,5,0.24,12
CUST0585,24,4,234.3,6.65,1,0.1,13
CUST0586,64,7,227.83,2.52,0,1.67,4
CUST0587,99,6,249.16,1.32,3,0.56,5
CUST0588,49,7,168.4,9.21,0,2.65,5
CUST0589,99,5,227.47,8.67,0,2.32,7
CUST0590,36,7,414.59,1.11,0,0.77,12
CUST0591,82,1,414.31,4.93,2,0.39,17
CUST0592,96,6,453.25,5.3,0,0.22,3
CUST0593,24,5,301.01,6.45,1,2.67,16
CUST0594,23,15,327.12,8.48,1,1.2,4
CUST0595,62,6,416.06,2.88,0,0.78,2
CUST0596,96,3,152.93,2.98,0,3.88,3
CUST0597,37,2,380.56,5.0,0,1.8,4
CUST0598,12,5,430.23,3.07,1,1.46,13
CUST0599,55,7,211.1,-0.43,1,2.72,14
CUST0600,13,3,438.26,4.55,0,3.38,19
CUST0601,23,3,505.77,6.72,0,2.32,16
CUST0602,89,4,377.78,4.96,3,1.16,5
CUST0603,99,2,359.45,6.25,0,0.95,9
CUST0604,30,3,188.02,5.96,0,2.95,15
CUST0605,17,5,406.92,2.95,1,1.46,16
CUST0606,62,7,197.44,5.14,2,2.44,13
CUST0607,84,5,336.97,1.95,2,4.42,19
CUST0608,89,7,347.11,3.98,3,4.95,11
CUST0609,86,2,20.0,5.1,0,0.65,8
CUST0610,13,6,340.58,5.0,1,0.42,14
CUST0611,59,4,562.15,2.42,1,0.61,11
CUST0612,19,2,90.81,2.82,3,2.78,13
CUST0613,49,6,294.61,5.58,0,0.92,17
CUST0614,12,3,105.29,6.65,3,0.38,19
CUST0615,61,3,210.59,4.59,2,0.21,5
CUST0616,19,4,107.02,4.49,2,0.79,3
CUST0617,76,4,315.95,6.86,0,0.29,11
CUST0618,9,5,379.36,3.46,1,0.34,12
CUST0619,71,4,340.97,8.45,4,2.3,18
CUST0620,28,6,206.98,2.31,0,0.04,12
CUST0621,78,4,239.06,7.1,1,0.25,11
CUST0622,95,7,327.23,6.08,2,3.72,19
CUST0623,52,9,210.11,9.82,1,3.73,2
CUST0624,83,3,167.12,2.76,1,0.8,2
CUST0625,16,4,276.09,0.33,3,0.18,13
CUST0626,69,3,205.53,7.5,0,2.44,17
CUST0627,99,4,341.16,2.06,3,0.89,18
CUST0628,12,5,429.87,6.23,1,0.09,9
CUST0629,25,2,559.76,7.36,2,0.34,16
CUST0630,52,5,333.81,5.76,1,0.3,14
CUST0631,85,10,364.6,5.46,1,1.78,18
CUST0632,53,5,240.07,5.8,4,4.57,8
CUST0633,23,5,246.26,6.67,0,3.15,3
CUST0634,16,7,428.41,6.17,1,1.58,14
CUST0635,57,5,272.37,2.57,2,1.1,18
CUST0636,39,7,307.29,8.65,0,1.93,15
CUST0637,53,3,422.3,5.1,1,1.17,7
CUST0638,42,3,273.14,6.04,1,0.56,16
CUST0639,58,6,450.04,6.42,1,2.27,0
CUST0640,39,4,357.3,7.31,1,4.13,6
CUST0641,14,4,345.54,7.1,0,0.93,17
CUST0642,95,2,235.18,5.26,1,3.68,11
CUST0643,5,2,350.91,5.13,0,1.13,15
CUST0644,35,3,257.1,5.82,0,1.03,0
CUST0645,87,4,346.94,7.2,3,0.06,14
CUST0646,93,6,289.82,2.77,1,2.38,6
CUST0647,75,4,396.68,6.29,1,3.3,16
CUST0648,18,5,296.82,3.23,1,2.18,2
CUST0649,76,4,503.79,8.7,0,0.33,10
CUST0650,9,5,272.45,5.73,0,0.22,5
CUST0651,74,8,246.54,4.17,0,1.7,5
CUST0652,58,4,334.61,5.86,1,1.03,14
CUST0653,17,2,407.79,5.02,1,1.12,6
CUST0654,7,2,407.01,4.68,0,6.87,10
CUST0655,46,3,316.68,1.38,2,2.57,16
CUST0656,13,6,333.91,2.95,2,1.06,17
CUST0657,40,4,334.05,4.72,1,0.04,18
CUST0658,42,3,192.21,1.62,2,0.07,7
CUST0659,9,4,402.41,3.83,2,2.31,19
CUST0660,50,3,174.21,4.0,0,3.64,7
CUST0661,27,8,192.4,3.44,1,2.46,10
CUST0662,66,4,305.5,6.54,1,1.04,2
CUST0663,5,8,268.01,3.24,1,0.06,13
CUST0664,29,4,379.62,5.18,2,6.85,8
CUST0665,37,4,344.74,4.29,3,8.59,0
CUST0666,38,1,313.82,4.76,1,1.59,0
CUST0667,83,3,187.45,8.21,1,0.15,11
CUST0668,8,8,302.66,5.36,3,1.56,10
CUST0669,65,6,294.75,5.75,0,4.46,0
CUST0670,86,6,322.22,3.47,3,2.28,19
CUST0671,17,9,257.0,6.25,0,2.55,11
CUST0672,71,4,352.28,6.17,1,0.18,16
CUST0673,89,3,265.34,5.98,1,0.23,14
CUST0674,45,8,342.91,2.58,1,0.27,1
CUST0675,4,3,379.6,3.83,1,4.69,17
CUST0676,36,2,246.54,7.87,1,1.49,15
CUST0677,70,2,222.78,3.62,1,3.14,3
CUST0678,31,7,347.64,8.14,4,0.24,7
CUST0679,19,5,167.89,3.91,0,5.25,1
CUST0680,61,6,411.17,5.3,1,3.44,13
CUST0681,54,5,301.1,4.63,0,0.51,14
CUST0682,39,9,288.52,3.31,1,4.15,8
CUST0683,91,4,354.6,3.34,2,0.61,1
CUST0684,74,5,348.4,3.59,2,0.46,16
CUST0685,90,7,300.65,5.3,1,0.61,9
CUST0686,19,3,387.86,6.78,1,4.81,8
CUST0687,39,8,232.76,5.17,0,4.94,1
CUST0688,67,5,371.24,4.93,1,0.8,18
CUST0689,45,5,192.14,7.42,4,2.44,16
CUST0690,13,2,351.06,5.08,1,2.25,10
CUST0691,92,8,267.21,3.91,1,3.29,16
CUST0692,58,9,168.89,3.0,0,0.7,9
CUST0693,20,3,325.66,7.54,1,1.43,17
CUST0694,92,4,296.56,4.34,0,2.2,5
CUST0695,72,4,145.73,3.84,1,0.05,15
CUST0696,61,4,88.63,3.67,0,0.95,17
CUST0697,39,9,284.77,7.43,2,2.38,19
CUST0698,1,5,461.82,3.85,3,0.58,17
CUST0699,3,6,332.1,6.98,1,6.33,0
CUST0700,77,7,233.17,4.54,1,0.06,2
CUST0701,92,11,408.19,2.58,1,6.34,14
CUST0702,62,10,390.72,4.34,1,0.49,19
CUST0703,63,7,427.16,4.93,1,0.1,9
CUST0704,25,4,368.39,4.77,0,0.69,4
CUST0705,56,5,388.59,4.72,0,3.09,14
CUST0706,33,4,373.11,4.36,2,2.79,13
CUST0707,38,5,252.25,3.43,0,0.47,14
CUST0708,6,6,136.27,5.02,1,0.44,9
CUST0709,58,6,247.89,6.08,0,2.06,8
CUST0710,44,0,410.49,2.07,0,1.23,11
CUST0711,45,4,261.9,7.6,0,3.14,6
CUST0712,32,4,285.45,-2.39,0,0.05,4
CUST0713,45,7,183.42,5.15,0,1.89,9
CUST0714,61,9,244.89,5.93,2,2.62,7
CUST0715,47,3,299.09,3.79,1,10.04,19
CUST0716,21,3,349.26,0.75,1,2.27,15
CUST0717,80,4,254.13,4.81,1,0.53,11
CUST0718,85,3,247.15,5.34,1,0.23,8
CUST0719,75,5,384.22,2.7,2,2.05,9
CUST0720,36,7,332.53,3.34,2,1.48,15
CUST0721,99,2,344.87,6.93,0,4.59,9
CUST0722,19,8,452.83,5.24,1,2.59,8
CUST0723,20,5,249.49,1.98,1,1.43,2
CUST0724,57,6,295.1,5.9,3,1.03,18
CUST0725,18,4,355.12,3.14,0,1.04,10
CUST0726,47,5,212.85,3.45,1,0.51,5
CUST0727,49,9,322.9,5.4,3,0.03,5
CUST0728,14,3,302.22,5.21,0,1.71,14
CUST0729,15,4,577.73,4.19,1,0.48,14
CUST0730,31,5,309.99,3.99,1,0.47,12
CUST0731,1,4,415.69,4.5,1,0.27,4
CUST0732,54,3,382.99,3.44,1,0.42,13
CUST0733,3,9,184.34,7.18,1,0.06,1
CUST0734,16,4,145.12,1.86,1,2.24,11
CUST0735,87,5,324.7,4.52,1,1.03,19
CUST0736,57,4,425.73,2.08,1,1.65,13
CUST0737,75,5,328.79,6.87,1,2.03,18
CUST0738,12,5,307.89,4.52,0,7.19,19
CUST0739,74,9,271.59,2.89,1,0.14,14
CUST0740,96,5,167.6,6.37,0,1.08,19
CUST0741,16,8,203.95,0.42,3,0.56,16
CUST0742,72,5,137.77,5.56,0,1.3,13
CUST0743,76,2,189.7,7.3,1,5.06,17
CUST0744,24,3,247.4,5.36,1,2.57,4
CUST0745,28,2,377.6,3.99,3,2.17,11
CUST0746,8,5,255.49,2.52,1,1.16,9
CUST0747,92,3,325.56,7.17,2,2.22,7
CUST0748,36,3,313.52,6.85,1,0.07,5
CUST0749,90,6,349.9,3.71,1,1.76,14
CUST0750,8,6,196.52,3.76,1,1.61,11
CUST0751,58,6,405.92,7.37,2,0.85,5
CUST0752,60,5,159.28,6.06,3,0.45,11
CUST0753,50,4,255.22,1.43,1,3.3,14
CUST0754,28,2,297.91,4.61,1,0.11,11
CUST0755,92,6,376.01,4.53,1,0.14,8
CUST0756,41,5,437.93,5.5,0,1.16,18
CUST0757,64,4,376.8,5.01,2,0.58,1
CUST0758,27,4,441.59,3.97,2,2.74,12
CUST0759,63,4,217.08,5.36,1,2.01,12
CUST0760,17,7,419.04,4.1,0,2.96,7
CUST0761,73,4,401.87,11.83,0,0.79,12
CUST0762,33,5,60.37,5.25,2,2.7,3
CUST0763,84,4,277.95,4.97,1,3.97,5
CUST0764,77,3,360.2,8.69,0,0.85,5
CUST0765,92,6,248.46,2.27,2,0.83,11
CUST0766,29,7,191.42,4.78,3,4.6,11
CUST0767,13,8,511.42,3.1,1,0.1,16
CUST0768,46,3,311.1,6.27,2,0.86,6
CUST0769,35,3,313.84,4.01,1,0.25,14
CUST0770,6,6,169.1,6.16,0,0.06,16
CUST0771,82,3,238.76,6.02,1,0.24,9
CUST0772,69,3,210.22,6.56,0,1.13,19
CUST0773,47,3,407.9,6.05,3,2.32,5
CUST0774,25,4,350.46,4.55,1,0.68,8
CUST0775,66,4,242.94,2.2,1,3.79,14
CUST0776,10,1,356.05,7.02,2,1.15,15
CUST0777,56,5,274.65,7.82,1,6.9,7
CUST0778,30,10,323.45,3.12,0,6.17,15
CUST0779,5,4,322.98,6.47,4,2.97,4
CUST0780,33,9,342.03,2.66,1,5.39,17
CUST0781,65,2,329.97,5.41,1,2.46,19
CUST0782,18,5,342.1,5.82,0,4.52,13
CUST0783,96,9,425.58,4.15,2,0.54,1
CUST0784,49,8,364.06,5.19,1,0.85,2
CUST0785,11,2,266.31,6.7,0,2.8,13
CUST0786,85,3,290.2,4.78,1,1.11,6
CUST0787,26,3,423.02,3.65,1,3.63,14
CUST0788,63,4,311.24,2.55,0,4.2,16
CUST0789,89,2,262.6,4.22,2,0.71,0
CUST0790,86,6,236.89,2.65,5,3.47,8
CUST0791,59,2,327.3,4.25,3,0.34,13
CUST0792,27,6,214.51,4.07,1,0.81,15
CUST0793,49,5,428.48,6.61,1,1.46,12
CUST0794,77,6,196.22,5.15,2,0.51,5
CUST0795,33,4,447.81,10.09,0,1.73,0
CUST0796,98,3,271.48,0.97,1,1.73,3
CUST0797,99,3,192.33,5.63,0,0.46,2
CUST0798,1,2,318.92,4.1,2,3.18,16
CUST0799,21,7,204.7,3.09,1,2.0,1
CUST0800,55,3,303.44,4.94,1,0.76,18
CUST0801,6,7,242.25,4.79,3,0.53,19
CUST0802,92,3,394.51,7.16,2,4.22,7
CUST0803,81,4,313.67,5.18,0,3.61,14
CUST0804,69,4,181.15,3.61,2,0.52,5
CUST0805,95,6,240.3,5.67,0,0.07,19
CUST0806,5,4,370.49,4.54,2,3.26,1
CUST0807,3,2,428.71,2.75,0,1.91,14
CUST0808,53,5,295.47,4.5,2,0.21,19
CUST0809,23,5,195.56,5.46,0,1.77,11
CUST0810,53,4,405.4,5.14,1,1.2,2
CUST0811,37,6,370.06,5.66,2,2.98,9
CUST0812,74,5,430.65,3.95,1,0.47,13
CUST0813,74,2,329.02,5.64,0,1.21,13
CUST0814,83,4,247.94,5.24,2,0.34,2
CUST0815,17,4,351.69,5.26,0,6.32,0
CUST0816,85,6,332.63,5.06,0,3.02,19
CUST0817,78,6,242.51,9.35,0,2.67,0
CUST0818,73,6,319.86,7.22,1,2.34,1
CUST0819,1,5,280.5,5.59,1,1.1,18
CUST0820,51,6,374.35,3.4,2,5.14,9
CUST0821,45,4,349.2,4.42,0,0.15,3
CUST0822,77,8,194.84,8.23,0,3.25,3
CUST0823,4,6,184.76,3.87,2,0.48,12
CUST0824,62,2,291.02,4.67,2,0.78,8
CUST0825,65,5,303.28,4.56,3,1.47,6
CUST0826,32,5,376.1,5.74,1,3.05,15
CUST0827,34,9,351.33,4.13,0,3.65,17
CUST0828,92,7,445.87,5.35,2,1.75,2
CUST0829,95,3,253.28,4.17,2,1.03,19
CUST0830,72,9,247.57,7.63,1,5.86,19
CUST0831,39,6,204.02,3.63,3,0.57,9
CUST0832,26,3,374.94,6.96,1,3.25,15
CUST0833,34,8,302.18,3.83,1,1.89,2
CUST0834,54,4,114.64,3.29,1,0.95,10
CUST0835,3,7,320.22,3.6,0,0.0,9
CUST0836,50,10,326.6,1.58,1,1.18,15
CUST0837,12,6,285.57,5.88,2,0.65,7
CUST0838,65,6,329.67,2.67,1,0.22,8
CUST0839,54,3,177.98,4.28,2,0.16,14
CUST0840,5,4,464.1,6.52,1,0.85,2
CUST0841,94,2,338.03,6.46,1,1.91,3
CUST0842,94,6,122.63,2.14,1,3.63,12
CUST0843,57,6,299.41,5.62,1,0.41,11
CUST0844,17,5,340.67,7.28,1,1.11,8
CUST0845,47,5,188.71,3.73,3,1.0,13
CUST0846,23,5,353.36,6.03,2,1.44,18
CUST0847,79,5,468.09,2.71,2,3.32,6
CUST0848,85,5,235.56,5.77,0,1.61,15
CUST0849,14,2,342.84,5.26,1,3.75,19
CUST0850,66,3,320.86,6.32,3,1.46,4
CUST0851,75,1,396.83,6.2,0,1.85,9
CUST0852,51,3,289.12,2.29,2,1.15,17
CUST0853,38,3,193.33,5.27,2,3.46,10
CUST0854,64,5,390.42,7.91,1,5.15,6
CUST0855,98,6,199.27,0.63,1,2.04,13
CUST0856,38,5,480.89,6.93,1,3.44,19
CUST0857,50,4,356.08,8.2,1,0.12,17
CUST0858,98,5,240.11,2.03,2,4.73,10
CUST0859,82,6,410.87,3.66,2,0.42,11
CUST0860,30,3,299.08,6.04,0,0.59,17
CUST0861,79,1,277.86,3.23,1,0.11,1
CUST0862,91,3,231.91,7.73,0,6.73,0
CUST0863,51,5,112.18,7.12,0,3.82,9
CUST0864,63,5,360.44,2.23,2,4.89,0
CUST0865,98,4,137.19,3.51,2,3.76,5
CUST0866,52,3,220.67,6.54,0,1.31,6
CUST0867,38,5,343.28,6.46,2,5.16,16
CUST0868,97,4,249.93,9.44,2,6.98,8
CUST0869,88,5,315.72,3.24,3,1.4,6
CUST0870,79,9,178.63,7.92,0,0.39,16
CUST0871,30,3,265.15,3.17,1,2.15,2
CUST0872,51,6,316.34,6.0,1,7.41,15
CUST0873,81,3,204.85,6.78,1,4.11,4
CUST0874,5,8,468.64,-0.99,0,3.96,19
CUST0875,29,5,236.26,6.82,0,5.43,17
CUST0876,4,5,437.84,7.77,1,4.49,0
CUST0877,10,3,283.22,7.19,1,2.99,3
CUST0878,56,5,143.15,9.11,0,2.53,10
CUST0879,17,2,186.31,6.93,0,0.62,19
CUST0880,74,4,317.61,3.93,0,1.94,8
CUST0881,17,8,403.28,7.48,1,1.47,7
CUST0882,84,4,476.98,3.81,4,3.96,7
CUST0883,88,6,312.82,5.16,2,1.35,4
CUST0884,69,8,182.28,6.66,0,0.27,11
CUST0885,34,2,327.85,5.9,0,0.01,0
CUST0886,6,3,217.48,7.7,1,2.27,14
CUST0887,53,7,339.22,9.98,1,1.6,17
CUST0888,66,4,205.85,2.73,2,0.8,5
CUST0889,77,8,91.04,4.34,3,0.37,9
CUST0890,43,4,431.69,5.63,1,1.26,13
CUST0891,75,4,277.36,4.07,3,0.21,7
CUST0892,23,4,304.97,4.85,0,0.82,2
CUST0893,55,6,399.67,6.55,1,0.95,18
CUST0894,80,7,487.88,6.29,0,1.25,11
CUST0895,95,2,372.01,5.49,2,1.26,11
CUST0896,75,5,310.3,5.3,1,0.59,14
CUST0897,16,5,346.29,4.55,0,3.8,6
CUST0898,8,5,270.52,7.81,2,0.88,3
CUST0899,4,4,303.61,8.33,3,0.52,8
CUST0900,4,6,314.49,7.04,3,0.39,15
CUST0901,56,4,221.34,2.7,0,0.78,12
CUST0902,25,5,302.12,4.48,2,0.14,3
CUST0903,67,4,336.71,5.4,0,0.07,8
CUST0904,96,3,351.7,3.12,4,1.86,17
CUST0905,67,3,343.73,5.16,2,1.93,14
CUST0906,27,4,166.1,5.04,3,1.51,14
CUST0907,93,3,422.93,7.17,0,2.87,5
CUST0908,32,7,414.63,4.0,1,0.08,10
CUST0909,50,7,290.39,7.33,1,5.5,7
CUST0910,61,6,345.55,3.09,0,0.2,16
CUST0911,51,5,278.34,3.36,0,2.24,16
CUST0912,19,4,375.2,4.24,0,0.29,17
CUST0913,21,4,218.57,5.1,1,4.24,3
CUST0914,5,7,434.25,0.17,0,1.43,14
CUST0915,82,6,370.22,5.92,0,0.17,1
CUST0916,92,3,372.54,8.42,2,1.92,1
CUST0917,42,4,289.49,6.3,2,0.02,9
CUST0918,61,4,158.74,4.58,1,2.99,2
CUST0919,22,4,388.39,2.83,1,2.1,7
CUST0920,21,7,162.04,1.37,1,0.48,19
CUST0921,70,6,389.6,1.71,2,0.94,6
CUST0922,1,7,222.79,4.74,1,0.02,11
CUST0923,5,3,141.3,9.21,1,2.37,18
CUST0924,12,5,300.1,-0.43,0,0.78,14
CUST0925,90,5,418.28,6.4,1,1.7,13
CUST0926,46,4,203.44,3.64,1,6.28,15
CUST0927,34,5,459.9,4.33,1,0.71,13
CUST0928,49,2,365.67,3.12,1,9.26,2
CUST0929,78,6,315.68,2.27,0,2.0,17
CUST0930,90,2,256.44,5.25,0,0.55,5
CUST0931,45,3,263.41,5.53,0,1.15,16
CUST0932,27,3,343.02,6.34,1,2.7,13
CUST0933,73,5,384.6,1.63,2,1.18,13
CUST0934,26,0,240.65,6.75,1,0.14,19
CUST0935,47,9,219.35,6.78,3,0.37,12
CUST0936,86,4,278.62,5.85,1,3.13,2
CUST0937,56,2,439.36,4.16,0,2.09,12
CUST0938,94,5,178.31,5.62,1,1.69,1
CUST0939,63,3,414.25,4.68,3,0.37,8
CUST0940,48,2,304.23,6.94,2,3.64,12
CUST0941,61,5,134.73,4.27,2,6.48,7
CUST0942,81,5,253.84,5.22,1,0.08,15
CUST0943,26,3,360.97,1.52,0,0.16,2
CUST0944,36,4,480.18,5.61,2,4.32,12
CUST0945,1,2,167.26,3.5,0,3.38,3
CUST0946,8,9,20.0,6.02,0,1.92,17
CUST0947,99,13,169.04,6.58,1,5.8,1
CUST0948,52,4,413.04,3.78,0,2.08,19
CUST0949,79,3,120.63,5.06,0,0.49,14
CUST0950,47,9,449.73,5.35,2,2.61,16
CUST0951,56,2,421.48,5.74,1,2.08,9
CUST0952,86,4,319.1,6.58,2,8.5,0
CUST0953,14,7,237.36,6.32,0,0.48,5
CUST0954,90,3,305.53,4.24,1,1.82,2
CUST0955,28,4,361.11,8.2,1,3.03,18
CUST0956,87,7,345.85,6.5,0,0.83,6
CUST0957,78,3,473.97,7.81,3,0.96,12
CUST0958,88,8,273.99,5.69,1,4.38,12
CUST0959,2,6,169.92,5.81,2,1.04,16
CUST0960,26,6,152.27,4.77,1,1.96,0
CUST0961,14,8,132.27,4.11,1,4.4,13
CUST0962,59,3,319.63,6.95,0,0.47,2
CUST0963,56,6,276.56,5.53,2,8.02,13
CUST0964,7,5,303.27,4.74,1,2.42,0
CUST0965,3,8,246.29,2.95,3,1.37,15
CUST0966,23,10,188.98,8.11,2,1.13,9
CUST0967,18,2,361.43,5.23,2,6.17,12
CUST0968,38,4,53.69,2.55,2,0.46,3
CUST0969,99,6,219.84,5.16,0,0.75,8
CUST0970,15,4,378.65,4.6,1,0.74,13
CUST0971,64,6,209.92,4.52,1,0.68,3
CUST0972,89,4,339.17,6.15,3,1.26,9
CUST0973,28,7,219.97,4.6,1,9.05,7
CUST0974,74,5,254.42,4.39,2,4.39,2
CUST0975,39,1,357.49,7.72,0,0.79,6
CUST0976,57,4,172.22,1.52,1,1.1,9
CUST0977,17,12,374.53,4.9,0,2.21,2
CUST0978,86,10,304.59,6.86,3,0.03,1
CUST0979,90,4,425.64,6.25,0,3.43,14
CUST0980,44,3,320.81,7.04,1,4.24,8
CUST0981,25,6,193.05,9.04,1,3.89,14
CUST0982,17,6,472.8,8.4,2,0.94,16
CUST0983,13,5,201.41,2.69,1,1.24,6
CUST0984,84,2,277.28,1.78,1,0.02,19
CUST0985,25,9,395.74,5.65,1,1.02,17
CUST0986,68,6,112.01,2.29,1,1.23,14
CUST0987,10,4,443.97,1.15,0,4.75,17
CUST0988,67,6,184.91,5.63,2,4.49,11
CUST0989,18,8,254.5,6.13,0,6.77,7
CUST0990,86,2,328.89,8.42,4,4.33,1
CUST0991,34,2,295.83,6.54,0,0.02,1
CUST0992,8,6,378.92,8.84,0,2.05,4
CUST0993,40,6,139.92,5.71,0,0.14,0
CUST0994,83,4,372.75,2.73,3,0.64,3
CUST0995,42,9,380.72,6.64,3,1.73,5
CUST0996,41,3,402.92,7.67,1,2.41,12
CUST0997,6,5,141.03,5.78,2,2.13,18
CUST0998,52,8,153.11,7.9,1,0.1,10
CUST0999,26,5,265.76,4.75,1,0.22,12
